<?xml version="1.0" encoding="UTF-8"?>
<project-private xmlns="http://www.netbeans.org/ns/project-private/1">
    <editor-bookmarks xmlns="http://www.netbeans.org/ns/editor-bookmarks/2" lastBookmarkId="0"/>
    <open-files xmlns="http://www.netbeans.org/ns/projectui-open-files/2">
        <group>
            <file>file:/Users/josevargas/Desktop/Lab%232_JoseVargas/src/lab/pkg2_josevargas/Lab2_JoseVargas.java</file>
            <file>file:/Users/josevargas/Desktop/Lab%232_JoseVargas/src/lab/pkg2_josevargas/Personajes.java</file>
        </group>
    </open-files>
</project-private>
